Name,Mode,Size,Runtime,Throughput,
BPD,xPTLang,1,902,1108.64745,
BPE,xPTLang,1,286,3496.503497,
VLD,xPTLang,1,613,1631.32137,
VLE,xPTLang,1,1259,794.2811755,
RLD,xPTLang,1,377,2652.519894,
RLE,xPTLang,1,683,1464.128843,
COO_CSR,xPTLang,1,638,1567.398119,
Dense_CSR,xPTLang,1,822,1216.545012,
HIST,xPTLang,1,669,1494.768311,
CSV_Encd,xPTLang,1,679,1472.75405,
CSV_Raw,xPTLang,1,896,1116.071429,
Average,xPTLang,10,680.5714286,1637.721741,
