Name,Mode,Size,Runtime,Throughput,
BPD,xPTLang,10,762,13.12335958,
BPE,xPTLang,10,71,140.8450704,
VLD,xPTLang,10,207,48.30917874,
VLE,xPTLang,10,598,16.72240803,
RLD,xPTLang,10,168,59.52380952,
RLE,xPTLang,10,464,21.55172414,
COO_CSR,xPTLang,10,56,178.5714286,
Dense_CSR,xPTLang,10,58,172.4137931,
HIST,xPTLang,10,98,102.0408163,
CSV_Encd,xPTLang,10,50,200,
CSV_Raw,xPTLang,10,54,185.1851852,
Average,xPTLang,10,135.4285714,103.4806158,
